{"percent": [0.0, 0.02, 0.04, 0.06, 0.08, 0.1, 0.12, 0.14, 0.16, 0.18, 0.2, 0.22, 0.24, 0.26, 0.28, 0.3, 0.32, 0.34, 0.36, 0.38, 0.4, 0.42, 0.44, 0.46, 0.48, 0.5, 0.52, 0.54, 0.56, 0.58, 0.6, 0.62, 0.64, 0.66, 0.68, 0.7, 0.72, 0.74, 0.76, 0.78, 0.8, 0.82, 0.84, 0.86, 0.88, 0.9, 0.92, 0.94, 0.96, 0.98], "Perf_indicator": [0.7808655665885609, 0.7213702514911357, 0.7063219082799101, 0.6685101195054264, 0.6576076346782155, 0.6339563477447526, 0.609239454801059, 0.5914889361200772, 0.5867833079659941, 0.567149466161028, 0.5519810429574395, 0.5114695047947229, 0.49698969613025135, 0.46437905496028037, 0.4344906553408276, 0.37427979355732327, 0.27896073372907554, 0.24980541851530952, 0.19971917026259456, 0.1769206408194906, 0.09856413029803296, 0.0674212324896361, 0.029756569539601794, 0.043114996724536815, 0.026430540536268643, 0.025524185801546046, 0.003926705895989489, 0.003685032255639824, 0.00013710259451108175, 0.0005353900952414667, 5.651460141799218e-05, 1.719068965332311e-05, 1.4279564598832652e-05, 4.4976734213304986e-05, 2.1055493492459266e-05, 2.4710437001902295e-06, 6.351934829245069e-05, 1.025118976146891e-05, 6.828265817349817e-05, 9.416048962481436e-06, 5.76122060767734e-06, 6.250584751797625e-06, 0.0, 5.548582907803691e-06, 6.528473520428983e-06, 2.9418099279426385e-06, 0.0, 1.2931609974888042e-05, 3.142178946916281e-06, 1.1072441430361526e-05], "Acc": [0.885262318630553, 0.8573591748192237, 0.8530125189301765, 0.8432170473204635, 0.8308224415285552, 0.8221945969378811, 0.807812010944211, 0.7946474908718668, 0.7878968087270648, 0.7734420880650741, 0.7624853694109068, 0.7377471542733582, 0.7237192439560346, 0.7002343956469856, 0.6760577545600296, 0.6363503945672904, 0.576515201040713, 0.5353706350106228, 0.49955857050594243, 0.4771205053946135, 0.39959339781649034, 0.3232036140879738, 0.28337916262452895, 0.3162597696132831, 0.2725897644676089, 0.28416776737438826, 0.1502790207039204, 0.17535344088965354, 0.12167536001161953, 0.13864523115707372, 0.06337283813382544, 0.06598677460203958, 0.07749135201190283, 0.10976362454421679, 0.06142544112073651, 0.0776024705268399, 0.027327013188190166, 0.07058423915317229, 0.04379891898182852, 0.039681880152818115, 0.023116499907938657, 0.012973891071065398, 0.008578366411696469, 0.015213374895340144, 0.0073396019414827835, 0.005568802779592376, 0.005803659317389122, 0.013571923362333834, 0.015576997801797377, 0.01197295497082035]}