{"percent": [0.0, 0.02, 0.04, 0.06, 0.08, 0.1, 0.12, 0.14, 0.16, 0.18, 0.2, 0.22, 0.24, 0.26, 0.28, 0.3, 0.32, 0.34, 0.36, 0.38, 0.4, 0.42, 0.44, 0.46, 0.48, 0.5, 0.52, 0.54, 0.56, 0.58, 0.6, 0.62, 0.64, 0.66, 0.68, 0.7, 0.72, 0.74, 0.76, 0.78, 0.8, 0.82, 0.84, 0.86, 0.88, 0.9, 0.92, 0.94, 0.96, 0.98], "Perf_indicator": [0.7808990714002458, 0.7230974359116772, 0.7057532988149412, 0.6616831328095133, 0.6574573994606406, 0.6396110170678888, 0.6100667476742968, 0.5948776229383411, 0.5820126882760701, 0.5753076858118136, 0.5384506672067026, 0.512474852236007, 0.4913240648127754, 0.4601513403484811, 0.41443162839909414, 0.3766585740887455, 0.2778198318208652, 0.25895656220356233, 0.2501157935315237, 0.19682315329328712, 0.12413043282988502, 0.06766428408703705, 0.05408870418100782, 0.01582036981868751, 0.011150559610523936, 0.010924541184358856, 0.008632622691440165, 0.0020864237570080656, 0.00021658963657538824, 3.619545077615355e-05, 0.00037650842189911504, 8.148592132696766e-05, 6.937460024843733e-05, 5.765415121987752e-06, 1.8114865836246836e-05, 8.741747309073312e-06, 6.493148652333817e-05, 5.1746565270631913e-05, 6.207229013440166e-05, 1.6175287000769684e-05, 5.8973729041762e-06, 6.327414786587963e-06, 2.6731146327781065e-06, 1.6967237912570103e-06, 9.60273774486341e-06, 2.934206775666956e-06, 1.6610878858872478e-06, 6.086560200076149e-07, 3.2791535786688065e-06, 1.8876984600584536e-06], "Acc": [0.8854829452368888, 0.85759648925214, 0.853021765076285, 0.84249660199067, 0.8304331852340898, 0.8225653494171759, 0.8074620830127252, 0.7961249702434169, 0.7849745496200765, 0.774838844072219, 0.7566833217154506, 0.7390396817303595, 0.7217935055064334, 0.6984929266574916, 0.6765421191107337, 0.6435012080452708, 0.5681945261313291, 0.551399040477583, 0.5451627815192035, 0.4928440483647023, 0.4252203417898927, 0.3403513383201963, 0.33048761298060303, 0.20962975127570835, 0.21743446874329267, 0.19987601577991584, 0.18831000052510008, 0.173715413266288, 0.1193965074210753, 0.09889180817986921, 0.12630803519698902, 0.11266493735488774, 0.06337341422374859, 0.05163623817604057, 0.09122888899239921, 0.0808500515069279, 0.06310631967570718, 0.05355343522553263, 0.061434761356443914, 0.058487831149666464, 0.011999808401202287, 0.010934969405788158, 0.01332671003573751, 0.009607421300441489, 0.008813790293280124, 0.0040526293322615155, 0.009740035976645233, 0.010647430007238863, 0.014022652751221257, 0.012175363093844562]}