{"percent": [0.0, 0.02, 0.04, 0.06, 0.08, 0.1, 0.12, 0.14, 0.16, 0.18, 0.2, 0.22, 0.24, 0.26, 0.28, 0.3, 0.32, 0.34, 0.36, 0.38, 0.4, 0.42, 0.44, 0.46, 0.48, 0.5, 0.52, 0.54, 0.56, 0.58, 0.6, 0.62, 0.64, 0.66, 0.68, 0.7, 0.72, 0.74, 0.76, 0.78, 0.8, 0.82, 0.84, 0.86, 0.88, 0.9, 0.92, 0.94, 0.96, 0.98], "Perf_indicator": [0.7651871735192859, 0.7238538013378913, 0.6589531912013213, 0.49552782695481185, 0.423182328643214, 0.3705178708675424, 0.3312692129913582, 0.26006613205897927, 0.1984868039413869, 0.17598698184739664, 0.10139703204188223, 0.06305689962212832, 0.007869214345649113, 0.012432079190019983, 0.006375616019948121, 0.006546535217440488, 0.001777218400633822, 0.0008392932205956808, 0.0004957056366856657, 0.0005301925855853088, 0.0004784456779738391, 0.0004071582606137315, 0.00034161636865265516, 0.0010505530822672846, 0.00029080380107931954, 0.00023975017857784124, 0.0013427607760751192, 0.0008101859185617406, 0.002319091327975652, 0.0011774751838856928, 0.00018188257756138944, 2.2472457206367327e-05, 0.00016673922540379112, 9.691058193389168e-05, 0.00015116019649970391, 6.738982667969932e-05, 3.5324868206109904e-06, 1.5683626835554744e-05, 1.9274004139362805e-05, 1.4518833004313208e-05, 7.207766534132056e-06, 8.693281484988094e-06, 5.887424670671264e-06, 3.848771653621957e-05, 4.401652290089707e-06, 6.508752417247427e-07, 8.137686566619343e-06, 4.582237928660506e-06, 1.029801987191104e-05, 6.518021211213214e-06], "Acc": [0.8782838116795834, 0.8551835526408964, 0.8252376446089349, 0.7515201776051187, 0.7051987214895223, 0.6726790309097433, 0.6529085911615584, 0.6074600162860548, 0.5642765664520117, 0.5423931226620394, 0.4820156366465716, 0.44649229788510164, 0.3488279948702797, 0.3616115439539028, 0.32576305227084157, 0.3221184029455543, 0.25779751920516014, 0.22107558634079413, 0.2023175157763437, 0.19264760976741682, 0.1727269853456797, 0.13810312811981962, 0.12940728246366223, 0.12234289428836916, 0.0939229812801771, 0.08728578975426163, 0.08240579400816787, 0.06958476756510884, 0.06699886434864179, 0.052507416133157986, 0.04091605270759572, 0.04031845297794854, 0.038841814713476426, 0.04227675082089031, 0.03725103593241578, 0.0300154951378987, 0.02330125940660066, 0.02513513481243452, 0.026533625252097057, 0.023433596777439503, 0.02446012979766691, 0.014829755432500244, 0.015642183607688067, 0.0176109418524107, 0.013856521404741, 0.010944512337316498, 0.0076744978562486126, 0.00925465360554383, 0.012409474386477366, 0.013636729656759349]}