{"percent": [0.0, 0.02, 0.04, 0.06, 0.08, 0.1, 0.12, 0.14, 0.16, 0.18, 0.2, 0.22, 0.24, 0.26, 0.28, 0.3, 0.32, 0.34, 0.36, 0.38, 0.4, 0.42, 0.44, 0.46, 0.48, 0.5, 0.52, 0.54, 0.56, 0.58, 0.6, 0.62, 0.64, 0.66, 0.68, 0.7, 0.72, 0.74, 0.76, 0.78, 0.8, 0.82, 0.84, 0.86, 0.88, 0.9, 0.92, 0.94, 0.96, 0.98], "Perf_indicator": [0.7754334894374979, 0.16564262006842675, 0.1340404876294305, 0.022154722852935006, 0.0042206798436778435, 0.00629169663193966, 0.003881632043301487, 0.004133873916826241, 0.004260175178246973, 0.0033400975027900624, 0.0021974866422929964, 0.0019396743040653683, 0.0011344836340495934, 0.0023028743694137937, 0.0021857478375941456, 0.0019595881835812808, 0.0015057351989004087, 0.0013559975367519448, 0.0005983485511337358, 0.00021547332702160043, 4.160079873533572e-07, 2.1086690269667398e-06, 4.2814023996869786e-06, 5.197370130713859e-07, 3.182461236473713e-06, 4.443080642013266e-06, 1.204739527210514e-06, 9.424940185212959e-07, 1.1372278228710576e-06, 1.699133193004095e-06, 1.9963615743076832e-06, 2.205863780940573e-06, 3.639110775755414e-06, 3.150582930814597e-06, 2.6302010292090935e-06, 1.3428837815849366e-06, 3.0573157033142897e-06, 3.7784273947827492e-06, 2.8418113775760757e-06, 5.365168124983231e-06, 5.653210656587998e-06, 4.649624648042249e-06, 5.062730503485133e-06, 6.166200917601927e-06, 5.00937125860928e-06, 8.180785363470075e-06, 5.961884190011265e-06, 5.004590114463383e-06, 5.231116105540549e-06, 2.7569622432129737e-06], "Acc": [0.8799568030104372, 0.5924268977104249, 0.5598175478581647, 0.3547569110093403, 0.24045456144624947, 0.24815876136459877, 0.22356574919571356, 0.21957853778571154, 0.21737337808476545, 0.2008511009160515, 0.1955905874440788, 0.18957873421556642, 0.17150520791685636, 0.21484969992348443, 0.22730125918588312, 0.2113667974460563, 0.19014240233085997, 0.1855474146094824, 0.15520645217195156, 0.12087795476826356, 0.05518862522206954, 0.049923999358063034, 0.0399747049748203, 0.034417464717813775, 0.03041932972990695, 0.02355720369495327, 0.020240102775509465, 0.016734064662302216, 0.014460147047845286, 0.014173006774570954, 0.010789225988855355, 0.011304329480179825, 0.009041105770833573, 0.008504907349550466, 0.007961727446769398, 0.007827539405747359, 0.004832946815380605, 0.00381567351076974, 0.003588243783047741, 0.003502994797721555, 0.0034595379672630487, 0.0032085702619915383, 0.0027489806269590912, 0.002388285957303726, 0.0031926009456638028, 0.007184798367291825, 0.005940174808906611, 0.0028135166948058035, 0.006491762229926756, 0.008234730403763362]}