{"percent": [0.0, 0.02, 0.04, 0.06, 0.08, 0.1, 0.12, 0.14, 0.16, 0.18, 0.2, 0.22, 0.24, 0.26, 0.28, 0.3, 0.32, 0.34, 0.36, 0.38, 0.4, 0.42, 0.44, 0.46, 0.48, 0.5, 0.52, 0.54, 0.56, 0.58, 0.6, 0.62, 0.64, 0.66, 0.68, 0.7, 0.72, 0.74, 0.76, 0.78, 0.8, 0.82, 0.84, 0.86, 0.88, 0.9, 0.92, 0.94, 0.96, 0.98], "Perf_indicator": [0.7811601037892654, 0.7626435234507892, 0.7089734874815692, 0.6873344132782339, 0.6439942230488137, 0.5325669567556014, 0.49402389267496066, 0.4788673351610786, 0.43563668731727356, 0.3998262493787793, 0.38079902560527745, 0.30274073801197693, 0.22562489243439177, 0.14055286077099566, 0.04472150120887529, 0.013894457061471778, 0.004141364615130247, 0.00038788577068398373, 6.159173580596648e-05, 2.370295716034774e-05, 2.0775941405199536e-05, 1.8285308384437478e-05, 9.53123335571112e-06, 1.029182132183253e-05, 5.670296818151441e-06, 1.056027551861907e-05, 1.4793177423595313e-05, 9.3206754231856e-06, 1.2813902266511861e-05, 7.08343626498341e-06, 3.057617367796992e-06, 2.121764919389705e-05, 4.269570176362112e-06, 5.63893345271081e-06, 4.811716257504089e-06, 4.955476043715346e-06, 5.934744570092062e-06, 4.210723770618103e-06, 2.623312453783895e-06, 1.0228465863658203e-05, 2.131577062342087e-05, 1.1547309537411492e-05, 3.5269345176816093e-06, 9.359471651068524e-06, 5.449520323211416e-06, 5.238482418984958e-06, 8.667284765951657e-06, 0.0003300330033003301, 1.0605249190226362e-05, 4.672118444637584e-06], "Acc": [0.8854822187814941, 0.8796332484700089, 0.8628117049435474, 0.855112245930887, 0.8395579848754008, 0.7892618344013632, 0.7732129497719112, 0.7591804767997071, 0.7346761304540218, 0.721872835607391, 0.71101081596008, 0.667521426592473, 0.6270396206047627, 0.5495675477646901, 0.42150366373010334, 0.3396811189461072, 0.27292679597972896, 0.18341592039197407, 0.14762426733444386, 0.13138953703911832, 0.12555481819778727, 0.12087841239384926, 0.12136419010598311, 0.11855265233704902, 0.1160592826895187, 0.11753218615556824, 0.1160839359433141, 0.09480631008045674, 0.0938875312596788, 0.0973642430203144, 0.08416316075391206, 0.08036591645622851, 0.07947568835478107, 0.06713038806663045, 0.055470065653133394, 0.05189625545804541, 0.04336796632494908, 0.04318757526662496, 0.0459970856467417, 0.045863106328524555, 0.041033831286980474, 0.03581282317658194, 0.02500650418102964, 0.01855401533876012, 0.018286355651712508, 0.011746699253045776, 0.014054093082794475, 0.011787581430154877, 0.010743146040502095, 0.011329735288868038]}