{"percent": [0.0, 0.02, 0.04, 0.06, 0.08, 0.1, 0.12, 0.14, 0.16, 0.18, 0.2, 0.22, 0.24, 0.26, 0.28, 0.3, 0.32, 0.34, 0.36, 0.38, 0.4, 0.42, 0.44, 0.46, 0.48, 0.5, 0.52, 0.54, 0.56, 0.58, 0.6, 0.62, 0.64, 0.66, 0.68, 0.7, 0.72, 0.74, 0.76, 0.78, 0.8, 0.82, 0.84, 0.86, 0.88, 0.9, 0.92, 0.94, 0.96, 0.98], "Perf_indicator": [0.7796494037739297, 0.7361254784401583, 0.7308144104235763, 0.7226876427647753, 0.6153158408758563, 0.6407681599380224, 0.49185667944397576, 0.3257414606045986, 0.26115241458216154, 0.2008952239254473, 0.10763356867475735, 0.08688448858901061, 0.1296365553848588, 0.17346179494984904, 0.12349637259666288, 0.07696143753593228, 0.07562892682904963, 0.030284668865987217, 0.013737041702853649, 0.0023802570579269265, 0.00018553267692908868, 8.6545450218825e-05, 2.3419539714688083e-05, 9.629914929892282e-06, 1.490697717582428e-05, 9.923143816759103e-06, 1.7860085532281848e-05, 7.49479058659363e-06, 1.839866550039143e-05, 8.053969005790647e-06, 4.4211071530765675e-06, 6.488003226304824e-06, 3.960300383444192e-06, 3.6605846598536462e-06, 1.4443750523991536e-05, 4.695668779282231e-06, 7.185645359599786e-06, 4.803389868750229e-06, 2.0146872610263134e-05, 4.99533546207331e-06, 2.6856751365611373e-06, 2.6605712514328957e-06, 1.7887508397314754e-06, 3.893104610857788e-06, 4.776921840754999e-07, 8.23873271602855e-06, 4.079533201931127e-06, 3.0046245453406796e-06, 2.0458041276324585e-06, 9.659502535619416e-05], "Acc": [0.8861679015156826, 0.8776827575910252, 0.8716953806661485, 0.8672920235485203, 0.8471059094732528, 0.8467898336367377, 0.8030129612435392, 0.740432986969341, 0.708141532459721, 0.6610993169841625, 0.5564402757298781, 0.5449650106629658, 0.5894083355502372, 0.61344342458273, 0.5606599547725907, 0.5030934654500577, 0.4937656421747788, 0.42423940594324866, 0.3218486016824116, 0.23066048140597753, 0.1485130950379377, 0.1251009192495378, 0.07057344502027457, 0.05141315587133022, 0.046799125316915, 0.04424008372833563, 0.03145555116423206, 0.02620960017057837, 0.022457652218677304, 0.022551579323466683, 0.02893046124906299, 0.02487866336492359, 0.018171640913656705, 0.016624179870659297, 0.013164863488577781, 0.015304435544425322, 0.016630648014020658, 0.01424577505649946, 0.008994435397241587, 0.009940494033937762, 0.010479937217605137, 0.008288927078660292, 0.010173754221240571, 0.011365607019953514, 0.012510916246274175, 0.01343366685447066, 0.014873244803598097, 0.011020080568888702, 0.012354714381960652, 0.010192432113102527]}